text,sdg
"By 2030, eradicate extreme poverty for all people everywhere, currently measured as people living on less than $1.25 a day.",1
"By 2030, reduce at least by half the proportion of men, women and children of all ages living in poverty in all its dimensions according to national definitions.",1
"Implement nationally appropriate social protection systems and measures for all, including floors, and by 2030 achieve substantial coverage of the poor and the vulnerable.",1
"By 2030, ensure that all men and women, in particular the poor and the vulnerable, have equal rights to economic resources, as well as access to basic services, ownership and control over land and other forms of property, inheritance, natural resources, appropriate new technology and financial services, including microfinance.",1
"By 2030, build the resilience of the poor and those in vulnerable situations and reduce their exposure and vulnerability to climate-related extreme events and other economic, social and environmental shocks and disasters.",1
"Ensure significant mobilization of resources from a variety of sources, including through enhanced development cooperation, in order to provide adequate and predictable means for developing countries, in particular least developed countries, to implement programmes and policies to end poverty in all its dimensions.",1
"Create sound policy frameworks at the national, regional and international levels, based on pro-poor and gender-sensitive development strategies, to support accelerated investment in poverty eradication actions.",1
"By 2030, achieve universal and equitable access to safe and affordable drinking water for all.",6
"By 2030, achieve access to adequate and equitable sanitation and hygiene for all and end open defecation, paying special attention to the needs of women and girls and those in vulnerable situations.",6
"By 2030, improve water quality by reducing pollution, eliminating dumping and minimizing release of hazardous chemicals and materials, halving the proportion of untreated wastewater and substantially increasing recycling and safe reuse globally.",6
"By 2030, substantially increase water-use efficiency across all sectors and ensure sustainable withdrawals and supply of freshwater to address water scarcity and substantially reduce the number of people suffering from water scarcity.",6
"By 2030, implement integrated water resources management at all levels, including through transboundary cooperation as appropriate.",6
"By 2020, protect and restore water-related ecosystems, including mountains, forests, wetlands, rivers, aquifers and lakes.",6
"By 2030, expand international cooperation and capacity-building support to developing countries in water- and sanitation-related activities and programmes, including water harvesting, desalination, water efficiency, wastewater treatment, recycling and reuse technologies.",6
Support and strengthen the participation of local communities in improving water and sanitation management.,6
"By 2030, reduce the global maternal mortality ratio to less than 70 per 100,000 live births.",3
"Sustain per capita economic growth in accordance with national circumstances and, in particular, at least 7 per cent gross domestic product growth per annum in the least developed countries.",8
"By 2030, end preventable deaths of newborns and children under 5 years of age, with all countries aiming to reduce neonatal mortality to at least as low as 12 per 1,000 live births and under-5 mortality to at least as low as 25 per 1,000 live births.",3
"Achieve higher levels of economic productivity through diversification, technological upgrading and innovation, including through a focus on high-value added and labour-intensive sectors.",8
"By 2030, end the epidemics of AIDS, tuberculosis, malaria and neglected tropical diseases and combat hepatitis, water-borne diseases and other communicable diseases.",3
"Promote development-oriented policies that support productive activities, decent job creation, entrepreneurship, creativity and innovation, and encourage the formalization and growth of micro-, small- and medium-sized enterprises, including through access to financial services.",8
"Improve progressively, through 2030, global resource efficiency in consumption and production and endeavour to decouple economic growth from environmental degradation, in accordance with the 10-year framework of programmes on sustainable consumption and production, with developed countries taking the lead.",8
"By 2030, reduce by one third premature mortality from non-communicable diseases through prevention and treatment and promote mental health and well-being.",3
"By 2030, achieve full and productive employment and decent work for all women and men, including for young people and persons with disabilities, and equal pay for work of equal value.",8
"By 2030, end hunger and ensure access by all people, in particular the poor and people in vulnerable situations, including infants, to safe, nutritious and sufficient food all year round.",2
"By 2030, ensure that all girls and boys complete free, equitable and quality primary and secondary education leading to relevant and effective learning outcomes.",4
"By 2020, substantially reduce the proportion of youth not in employment, education or training.",8
"By 2030, end all forms of malnutrition, including achieving, by 2025, the internationally agreed targets on stunting and wasting in children under 5 years of age, and address the nutritional needs of adolescent girls, pregnant and lactating women and older persons.",2
"By 2030, ensure that all girls and boys have access to quality early childhood development, care and pre-primary education so that they are ready for primary education.",4
"Strengthen the prevention and treatment of substance abuse, including narcotic drug abuse and harmful use of alcohol.",3
"Take immediate and effective measures to eradicate forced labour, end modern slavery and human trafficking and secure the prohibition and elimination of the worst forms of child labour, including recruitment and use of child soldiers, and by 2025 end child labour in all its forms.",8
"By 2030, double the agricultural productivity and incomes of small-scale food producers, in particular women, indigenous peoples, family farmers, pastoralists and fishers, including through secure and equal access to land, other productive resources and inputs, knowledge, financial services, markets and opportunities for value addition and non-farm employment.",2
"By 2030, ensure equal access for all women and men to affordable and quality technical, vocational and tertiary education, including university.",4
"By 2030, ensure universal access to affordable, reliable and modern energy services.",7
"Protect labour rights and promote safe and secure working environments for all workers, including migrant workers, in particular women migrants, and those in precarious employment.",8
"By 2030, ensure sustainable food production systems and implement resilient agricultural practices that increase productivity and production, that help maintain ecosystems, that strengthen capacity for adaptation to climate change, extreme weather, drought, flooding and other disasters and that progressively improve land and soil quality.",2
"By 2030, substantially increase the number of youth and adults who have relevant skills, including technical and vocational skills, for employment, decent jobs and entrepreneurship.",4
"By 2030, increase substantially the share of renewable energy in the global energy mix.",7
End all forms of discrimination against all women and girls everywhere.,5
"By 2020, halve the number of global deaths and injuries from road traffic accidents.",3
"By 2030, double the global rate of improvement in energy efficiency.",7
"By 2030, eliminate gender disparities in education and ensure equal access to all levels of education and vocational training for the vulnerable, including persons with disabilities, indigenous peoples and children in vulnerable situations.",4
"By 2020, maintain the genetic diversity of seeds, cultivated plants and farmed and domesticated animals and their related wild species, including through soundly managed and diversified seed and plant banks at the national, regional and international levels, and promote access to and fair and equitable sharing of benefits arising from the utilization of genetic resources and associated traditional knowledge, as internationally agreed.",2
"By 2030, devise and implement policies to promote sustainable tourism that creates jobs and promotes local culture and products.",8
"By 2030, enhance international cooperation to facilitate access to clean energy research and technology, including renewable energy, energy efficiency and advanced and cleaner fossil-fuel technology, and promote investment in energy infrastructure and clean energy technology.",7
"Eliminate all forms of violence against all women and girls in the public and private spheres, including trafficking and sexual and other types of exploitation.",5
"By 2030, expand infrastructure and upgrade technology for supplying modern and sustainable energy services for all in developing countries, in particular least developed countries, small island developing States, and land-locked developing countries, in accordance with their respective programmes of support.",7
"By 2030, ensure that all youth and a substantial proportion of adults, both men and women, achieve literacy and numeracy.",4
"Develop quality, reliable, sustainable and resilient infrastructure, including regional and transborder infrastructure, to support economic development and human well-being, with a focus on affordable and equitable access for all.",9
"Increase investment, including through enhanced international cooperation, in rural infrastructure, agricultural research and extension services, technology development and plant and livestock gene banks in order to enhance agricultural productive capacity in developing countries, in particular least developed countries.",2
"By 2030, progressively achieve and sustain income growth of the bottom 40 per cent of the population at a rate higher than the national average.",10
"Strengthen the capacity of domestic financial institutions to encourage and expand access to banking, insurance and financial services for all.",8
"Eliminate all harmful practices, such as child, early and forced marriage and female genital mutilation.",5
"By 2030, ensure universal access to sexual and reproductive health-care services, including for family planning, information and education, and the integration of reproductive health into national strategies and programmes.",3
"By 2030, ensure that all learners acquire the knowledge and skills needed to promote sustainable development, including, among others, through education for sustainable development and sustainable lifestyles, human rights, gender equality, promotion of a culture of peace and non-violence, global citizenship and appreciation of cultural diversity and of culture’s contribution to sustainable development.",4
"Promote inclusive and sustainable industrialization and, by 2030, significantly raise industry’s share of employment and gross domestic product, in line with national circumstances, and double its share in least developed countries.",9
"Correct and prevent trade restrictions and distortions in world agricultural markets, including through the parallel elimination of all forms of agricultural export subsidies and all export measures with equivalent effect, in accordance with the mandate of the Doha Development Round.",2
"Recognize and value unpaid care and domestic work through the provision of public services, infrastructure and social protection policies and the promotion of shared responsibility within the household and the family as nationally appropriate.",5
"By 2030, empower and promote the social, economic and political inclusion of all, irrespective of age, sex, disability, race, ethnicity, origin, religion or economic or other status.",10
"Increase Aid for Trade support for developing countries, in particular least developed countries, including through the Enhanced Integrated Framework for Trade-Related Technical Assistance to Least Developed Countries.",8
"Build and upgrade education facilities that are child, disability and gender sensitive and provide safe, non-violent, inclusive and effective learning environments for all.",4
"Increase the access of small-scale industrial and other enterprises, in particular in developing countries, to financial services, including affordable credit, and their integration into value chains and markets.",9
"By 2030, ensure access for all to adequate, safe and affordable housing and basic services and upgrade slums.",11
"Implement the 10-year framework of programmes on sustainable consumption and production, all countries taking action, with developed countries taking the lead, taking into account the development and capabilities of developing countries.",12
"Adopt measures to ensure the proper functioning of food commodity markets and their derivatives and facilitate timely access to market information, including on food reserves, in order to help limit extreme food price volatility.",2
"Ensure women’s full and effective participation and equal opportunities for leadership at all levels of decision-making in political, economic and public life.",5
"Achieve universal health coverage, including financial risk protection, access to quality essential health-care services and access to safe, effective, quality and affordable essential medicines and vaccines for all.",3
"Ensure equal opportunity and reduce inequalities of outcome, including by eliminating discriminatory laws, policies and practices and promoting appropriate legislation, policies and action in this regard.",10
"By 2030, upgrade infrastructure and retrofit industries to make them sustainable, with increased resource-use efficiency and greater adoption of clean and environmentally sound technologies and industrial processes, with all countries taking action in accordance with their respective capabilities.",9
"By 2020, substantially expand globally the number of scholarships available to developing countries, in particular least developed countries, small island developing States and African countries, for enrolment in higher education, including vocational training and information and communications technology, technical, engineering and scientific programmes, in developed countries and other developing countries.",4
"By 2020, develop and operationalize a global strategy for youth employment and implement the Global Jobs Pact of the International Labour Organization.",8
"By 2030, provide access to safe, affordable, accessible and sustainable transport systems for all, improving road safety, notably by expanding public transport, with special attention to the needs of those in vulnerable situations, women, children, persons with disabilities and older persons.",11
"By 2030, achieve the sustainable management and efficient use of natural resources.",12
Strengthen resilience and adaptive capacity to climate-related hazards and natural disasters in all countries.,13
"By 2025, prevent and significantly reduce marine pollution of all kinds, in particular from land-based activities, including marine debris and nutrient pollution.",14
Ensure universal access to sexual and reproductive health and reproductive rights as agreed in accordance with the Programme of Action of the International Conference on Population and Development and the Beijing Platform for Action and the outcome documents of their review conferences.,5
"By 2030, substantially increase the supply of qualified teachers, including through international cooperation for teacher training in developing countries, especially least developed countries and small island developing States.",4
"Adopt policies, especially fiscal, wage and social protection policies, and progressively achieve greater equality.",10
"Enhance scientific research, upgrade the technological capabilities of industrial sectors in all countries, in particular developing countries, including, by 2030, encouraging innovation and substantially increasing the number of research and development workers per 1 million people and public and private research and development spending.",9
Significantly reduce all forms of violence and related death rates everywhere.,16
"By 2030, enhance inclusive and sustainable urbanization and capacity for participatory, integrated and sustainable human settlement planning and management in all countries.",11
"By 2030, halve per capita global food waste at the retail and consumer levels and reduce food losses along production and supply chains, including post-harvest losses.",12
"By 2020, sustainably manage and protect marine and coastal ecosystems to avoid significant adverse impacts, including by strengthening their resilience, and take action for their restoration in order to achieve healthy and productive oceans.",14
"Undertake reforms to give women equal rights to economic resources, as well as access to ownership and control over land and other forms of property, financial services, inheritance and natural resources, in accordance with national laws.",5
"By 2030, substantially reduce the number of deaths and illnesses from hazardous chemicals and air, water and soil pollution and contamination.",3
"Facilitate sustainable and resilient infrastructure development in developing countries through enhanced financial, technological and technical support to African countries, least developed countries, landlocked developing countries and small island developing States.",9
"Improve education, awareness-raising and human and institutional capacity on climate change mitigation, adaptation, impact reduction and early warning.",13
"By 2020, ensure the conservation, restoration and sustainable use of terrestrial and inland freshwater ecosystems and their services, in particular forests, wetlands, mountains and drylands, in line with obligations under international agreements.",15
Improve the regulation and monitoring of global financial markets and institutions and strengthen the implementation of such regulations.,10
"Strengthen domestic resource mobilization, including through international support to developing countries, to improve domestic capacity for tax and other revenue collection.",17
"Minimize and address the impacts of ocean acidification, including through enhanced scientific cooperation at all levels.",14
Strengthen efforts to protect and safeguard the world’s cultural and natural heritage.,11
"By 2020, achieve the environmentally sound management of chemicals and all wastes throughout their life cycle, in accordance with agreed international frameworks, and significantly reduce their release to air, water and soil in order to minimize their adverse impacts on human health and the environment.",12
Implement the commitment undertaken by developed-country parties to the United Nations Framework Convention on Climate Change to a goal of mobilizing jointly $100 billion annually by 2020 from all sources to address the needs of developing countries in the context of meaningful mitigation actions and transparency on implementation and fully operationalize the Green Climate Fund through its capitalization as soon as possible.,13
"End abuse, exploitation, trafficking and all forms of violence against and torture of children.",16
"Enhance the use of enabling technology, in particular information and communications technology, to promote the empowerment of women.",5
"Support domestic technology development, research and innovation in developing countries, including by ensuring a conducive policy environment for, inter alia, industrial diversification and value addition to commodities.",9
"By 2020, effectively regulate harvesting and end overfishing, illegal, unreported and unregulated fishing and destructive fishing practices and implement science-based management plans, in order to restore fish stocks in the shortest time feasible, at least to levels that can produce maximum sustainable yield as determined by their biological characteristics.",14
"Ensure enhanced representation and voice for developing countries in decision-making in global international economic and financial institutions in order to deliver more effective, credible, accountable and legitimate institutions.",10
"Promote mechanisms for raising capacity for effective climate change-related planning and management in least developed countries and small island developing States, including focusing on women, youth and local and marginalized communities* Acknowledging that the United Nations Framework Convention on Climate Change is the primary international,intergovernmental forum for negotiating the global response to climate change..",13
"By 2020, promote the implementation of sustainable management of all types of forests, halt deforestation, restore degraded forests and substantially increase afforestation and reforestation globally.",15
"By 2030, significantly reduce the number of deaths and the number of people affected and substantially decrease the direct economic losses relative to global gross domestic product caused by disasters, including water-related disasters, with a focus on protecting the poor and people in vulnerable situations.",11
"By 2030, substantially reduce waste generation through prevention, reduction, recycling and reuse.",12
Significantly increase access to information and communications technology and strive to provide universal and affordable access to the Internet in least developed countries by 2020.,9
"By 2020, conserve at least 10 per cent of coastal and marine areas, consistent with national and international law and based on the best available scientific information.",14
"Strengthen the implementation of the World Health Organization Framework Convention on Tobacco Control in all countries, as appropriate.",3
"Developed countries to implement fully their official development assistance commitments, including the commitment by many developed countries to achieve the target of 0.7 per cent of ODA/GNI to developing countries and 0.15 to 0.20 per cent of ODA/GNI to least developed countries; ODA providers are encouraged to consider setting a target to provide at least 0.20 per cent of ODA/GNI to least developed countries.",17
Adopt and strengthen sound policies and enforceable legislation for the promotion of gender equality and the empowerment of all women and girls at all levels.,5
"Facilitate orderly, safe, regular and responsible migration and mobility of people, including through the implementation of planned and well-managed migration policies.",10
"By 2030, combat desertification, restore degraded land and soil, including land affected by desertification, drought and floods, and strive to achieve a land degradation-neutral world.",15
"By 2030, reduce the adverse per capita environmental impact of cities, including by paying special attention to air quality and municipal and other waste management.",11
"Encourage companies, especially large and transnational companies, to adopt sustainable practices and to integrate sustainability information into their reporting cycle.",12
Promote the rule of law at the national and international levels and ensure equal access to justice for all.,16
"By 2020, prohibit certain forms of fisheries subsidies which contribute to overcapacity and overfishing, eliminate subsidies that contribute to illegal, unreported and unregulated fishing and refrain from introducing new such subsidies, recognizing that appropriate and effective special and differential treatment for developing and least developed countries should be an integral part of the World Trade Organization fisheries subsidies negotiation.",14
"Promote public procurement practices that are sustainable, in accordance with national policies and priorities.",12
"By 2030, ensure the conservation of mountain ecosystems, including their biodiversity, in order to enhance their capacity to provide benefits that are essential for sustainable development.",15
"By 2030, increase the economic benefits to Small Island developing States and least developed countries from the sustainable use of marine resources, including through sustainable management of fisheries, aquaculture and tourism.",14
"By 2030, provide universal access to safe, inclusive and accessible, green and public spaces, in particular for women and children, older persons and persons with disabilities.",11
"Implement the principle of special and differential treatment for developing countries, in particular least developed countries, in accordance with World Trade Organization agreements.",10
"Support the research and development of vaccines and medicines for the communicable and non-communicable diseases that primarily affect developing countries, provide access to affordable essential medicines and vaccines, in accordance with the Doha Declaration on the TRIPS Agreement and Public Health, which affirms the right of developing countries to use to the full the provisions in the Agreement on Trade-Related Aspects of Intellectual Property Rights regarding flexibilities to protect public health, and, in particular, provide access to medicines for all.",3
"Increase scientific knowledge, develop research capacity and transfer marine technology, taking into account the Intergovernmental Oceanographic Commission Criteria and Guidelines on the Transfer of Marine Technology, in order to improve ocean health and to enhance the contribution of marine biodiversity to the development of developing countries, in particular small island developing States and least developed countries.",14
"By 2030, ensure that people everywhere have the relevant information and awareness for sustainable development and lifestyles in harmony with nature.",12
"By 2030, significantly reduce illicit financial and arms flows, strengthen the recovery and return of stolen assets and combat all forms of organized crime.",16
"Take urgent and significant action to reduce the degradation of natural habitats, halt the loss of biodiversity and, by 2020, protect and prevent the extinction of threatened species.",15
"Support positive economic, social and environmental links between urban, per-urban and rural areas by strengthening national and regional development planning.",11
"Encourage official development assistance and financial flows, including foreign direct investment, to States where the need is greatest, in particular least developed countries, African countries, small island developing States and landlocked developing countries, in accordance with their national plans and programmes.",10
Provide access for small-scale artisanal fishers to marine resources and markets.,14
Support developing countries to strengthen their scientific and technological capacity to move towards more sustainable patterns of consumption and production.,12
"Promote fair and equitable sharing of the benefits arising from the utilization of genetic resources and promote appropriate access to such resources, as internationally agreed.",15
"By 2020, substantially increase the number of cities and human settlements adopting and implementing integrated policies and plans towards inclusion, resource efficiency, mitigation and adaptation to climate change, resilience to disasters, and develop and implement, in line with the Sendai Framework for Disaster Risk Reduction 2015-2030, holistic disaster risk management at all levels.",11
"By 2030, reduce to less than 3 per cent the transaction costs of migrant remittances and eliminate remittance corridors with costs higher than 5 per cent.",10
"Assist developing countries in attaining long-term debt sustainability through coordinated policies aimed at fostering debt financing, debt relief and debt restructuring, as appropriate, and address the external debt of highly indebted poor countries to reduce debt distress.",17
"Enhance the conservation and sustainable use of oceans and their resources by implementing international law as reflected in UNCLOS, which provides the legal framework for the conservation and sustainable use of oceans and their resources, as recalled in paragraph 158 of The Future We Want.",14
"Substantially increase health financing and the recruitment, development, training and retention of the health workforce in developing countries, especially in least developed countries and small island developing States.",3
Develop and implement tools to monitor sustainable development impacts for sustainable tourism that creates jobs and promotes local culture and products.,12
Take urgent action to end poaching and trafficking of protected species of flora and fauna and address both demand and supply of illegal wildlife products.,15
"Support least developed countries, including through financial and technical assistance, in building sustainable and resilient buildings utilizing local materials.",11
"Rationalize inefficient fossil-fuel subsidies that encourage wasteful consumption by removing market distortions, in accordance with national circumstances, including by restructuring taxation and phasing out those harmful subsidies, where they exist, to reflect their environmental impacts, taking fully into account the specific needs and conditions of developing countries and minimizing the possible adverse impacts on their development in a manner that protects the poor and the affected communities.",12
"By 2020, introduce measures to prevent the introduction and significantly reduce the impact of invasive alien species on land and water ecosystems and control or eradicate the priority species.",15
"Strengthen the capacity of all countries, in particular developing countries, for early warning, risk reduction and management of national and global health risks.",3
"By 2020, integrate ecosystem and biodiversity values into national and local planning, development processes, poverty reduction strategies and accounts.",15
"Enhance North-South, South-South and triangular regional and international cooperation on and access to science, technology and innovation and enhance knowledge sharing on mutually agreed terms, including through improved coordination among existing mechanisms, in particular at the United Nations level, and through a global technology facilitation mechanism.",17
Mobilize and significantly increase financial resources from all sources to conserve and sustainably use biodiversity and ecosystems.,15
"Mobilize significant resources from all sources and at all levels to finance sustainable forest management and provide adequate incentives to developing countries to advance such management, including for conservation and reforestation.",15
"Promote the development, transfer, dissemination and diffusion of environmentally sound technologies to developing countries on favourable terms, including on concessional and preferential terms, as mutually agreed.",17
Broaden and strengthen the participation of developing countries in the institutions of global governance.,16
"Enhance global support for efforts to combat poaching and trafficking of protected species, including by increasing the capacity of local communities to pursue sustainable livelihood opportunities.",15
"Fully operationalize the technology bank and science, technology and innovation capacity-building mechanism for least developed countries by 2017 and enhance the use of enabling technology, in particular information and communications technology.",17
"Enhance international support for implementing effective and targeted capacity-building in developing countries to support national plans to implement all the sustainable development goals, including through North-South, South-South and triangular cooperation.",17
"Ensure public access to information and protect fundamental freedoms, in accordance with national legislation and international agreements.",16
"Promote a universal, rules-based, open, non-discriminatory and equitable multilateral trading system under the World Trade Organization, including through the conclusion of negotiations under its Doha Development Agenda.",17
"Strengthen relevant national institutions, including through international cooperation, for building capacity at all levels, in particular in developing countries, to prevent violence and combat terrorism and crime.",16
"Significantly increase the exports of developing countries, in particular with a view to doubling the least developed countries’ share of global exports by 2020.",17
"Realize timely implementation of duty-free and quota-free market access on a lasting basis for all least developed countries, consistent with World Trade Organization decisions, including by ensuring that preferential rules of origin applicable to imports from least developed countries are transparent and simple, and contribute to facilitating market access.",17
"Enhance global macroeconomic stability, including through policy coordination and policy coherence.",17
Respect each country’s policy space and leadership to establish and implement policies for poverty eradication and sustainable development Multi-stakeholder partnerships.,17
"Enhance the global partnership for sustainable development, complemented by multi-stakeholder partnerships that mobilize and share knowledge, expertise, technology and financial resources, to support the achievement of the sustainable development goals in all countries, in particular developing countries.",17
"Encourage and promote effective public, public-private and civil society partnerships, building on the experience and resourcing strategies of partnerships Data, monitoring and accountability.",17
"By 2020, enhance capacity-building support to developing countries, including for least developed countries and small island developing States, to increase significantly the availability of high-quality, timely and reliable data disaggregated by income, gender, age, race, ethnicity, migratory status, disability, geographic location and other characteristics relevant in national contexts.",17
"By 2030, build on existing initiatives to develop measurements of progress on sustainable development that complement gross domestic product, and support statistical capacity-building in developing countries.",17
"Proportion of population below the international poverty line, by sex, age, employment status and geographical location .",1
"Proportion of population living below the national poverty line, by sex and age.",1
"Proportion of men, women and children of all ages living in poverty in all its dimensions according to national definitions.",1
"Proportion of population covered by social protection floors/systems, by sex, distinguishing children, unemployed persons, older persons, persons with disabilities, pregnant women, newborns, work-injury victims and the poor and the vulnerable.",1
Proportion of population living in households with access to basic services.,1
"Proportion of total adult population with secure tenure rights to land, with legally recognized documentation and who perceive their rights to land as secure, by sex and by type of tenure.",1
"Number of deaths, missing persons and persons affected by disaster per 100,000 people.",1
Direct disaster economic loss in relation to global gross domestic product .,1
Number of countries with national and local disaster risk reduction strategies.,1
Proportion of local governments that adopt and implement local disaster risk reduction strategies in line with national disaster risk reduction strategies.,1
Proportion of resources allocated by the government directly to poverty reduction programmes.,1
"Proportion of government recurrent and capital spending to sectors that disproportionately benefit women, the poor and vulnerable groups.",1
"Proportion of population using safely managed sanitation services, including a hand-washing facility with soap and water.",6
Level of water stress: freshwater withdrawal as a proportion of available freshwater resources.,6
Proportion of transboundary basin area with an operational arrangement for water cooperation.,6
Amount of water- and sanitation-related official development assistance that is part of a government-coordinated spending plan.,6
Proportion of local administrative units with established and operational policies and procedures for participation of local communities in water and sanitation management.,6
"Number of new HIV infections per 1,000 uninfected population, by sex, age and key populations.",3
"Mortality rate attributed to cardiovascular disease, cancer, diabetes or chronic respiratory disease.",3
"Harmful use of alcohol, defined according to the national context as alcohol per capita consumption within a calendar year in litres of pure alcohol.",3
Proportion of women of reproductive age who have their need for family planning satisfied with modern methods.,3
Proportion of population with large household expenditures on health as a share of total household expenditure or income.,3
"Mortality rate attributed to unsafe water, unsafe sanitation and lack of hygiene .",3
Age-standardized prevalence of current tobacco use among persons aged 15 years and older.,3
Proportion of the target population covered by all vaccines included in their national programme.,3
Total net official development assistance to medical research and basic health sectors.,3
Proportion of health facilities that have a core set of relevant essential medicines available and affordable on a sustainable basis.,3
"Material footprint, material footprint per capita, and material footprint per GDP.",8
"Domestic material consumption, domestic material consumption per capita, and domestic material consumption per GDP.",8
"Average hourly earnings of female and male employees, by occupation, age and persons with disabilities.",8
"Proportion and number of children aged 5‑17 years engaged in child labour, by sex and age.",8
"Fatal and non-fatal occupational injuries per 100,000 workers, by sex and migrant status.",8
"Level of national compliance with labour rights textual sources and national legislation, by sex and migrant status.",8
Tourism direct GDP as a proportion of total GDP and in growth rate.,8
"Number of commercial bank branches and automated teller machines per 100,000 adults.",8
Proportion of adults with an account at a bank or other financial institution or with a mobile-money-service provider.,8
"Existence of a developed and operationalized national strategy for youth employment, as a distinct strategy or as part of a national employment strategy.",8
"Prevalence of moderate or severe food insecurity in the population, based on the Food Insecurity Experience Scale .",2
"Prevalence of anaemia in women aged 15 to 49 years, by pregnancy status .",2
Volume of production per labour unit by classes of farming/pastoral/forestry enterprise size.,2
"Average income of small-scale food producers, by sex and indigenous status.",2
"Proportion of children aged 24–59 months who are developmentally on track in health, learning and psychosocial well-being, by sex.",4
Number of animal genetic resources for food and agriculture secured in either medium- or long-term conservation facilities.,2
"Proportion of local breeds classified as being at risk, not-at-risk or at unknown level of risk of extinction.",2
"Participation rate of youth and adults in formal and non-formal education and training in the previous 12 months, by sex.",4
"Proportion of youth and adults with information and communications technology skills, by type of skill.",4
Parity indices for all education indicators on this list that can be disaggregated.,4
"Percentage of population in a given age group achieving at least a fixed level of proficiency in functional numeracy skills, by sex.",4
Volume of official development assistance flows for scholarships by sector and type of study.,4
"Proportion of teachers with the minimum required qualifications, by education level.",4
Proportion of population with primary reliance on clean fuels and technology.,7
"International financial flows to developing countries in support of clean energy research and development and renewable energy production, including in hybrid systems.",7
"Whether or not legal frameworks are in place to promote, enforce and monitor equality and non‑discrimination on the basis of sex.",5
"Proportion of ever-partnered women and girls aged 15 years and older subjected to physical, sexual or psychological violence by a current or former intimate partner in the previous 12 months, by form of violence and by age.",5
"Proportion of women and girls aged 15 years and older subjected to sexual violence by persons other than an intimate partner in the previous 12 months, by age and place of occurrence.",5
Proportion of women aged 20-24 years who were married or in a union before age 15 and before age 18.,5
"Proportion of girls and women aged 15-49 years who have undergone female genital mutilation/cutting, by age.",5
"Proportion of time spent on unpaid domestic and care work, by sex, age and location.",5
"Proportion of women aged 15-49 years who make their own informed decisions regarding sexual relations, contraceptive use and reproductive health care.",5
"Number of countries with laws and regulations that guarantee women aged 15-49 years access to sexual and reproductive health care, information and education.",5
Proportion of countries where the legal framework guarantees women’s equal rights to land ownership and/or control.,5
Proportion of countries with systems to track and make public allocations for gender equality and women’s empowerment.,5
Proportion of the rural population who live within 2 km of an all-season road.,9
Manufacturing value added as a proportion of GDP and per capita.,9
Growth rates of household expenditure or income per capita among the bottom 40 per cent of the population and the total population.,10
Proportion of small-scale industries with a loan or line of credit.,9
"Proportion of people living below 50 per cent of median income, by age, sex and persons with disabilities.",10
Proportion of the population reporting having personally felt discriminated against or harassed within the previous 12 months on the basis of a ground of discrimination prohibited under international human rights law.,10
Proportion of medium and high-tech industry value added in total value added.,9
Proportion of members and voting rights of developing countries in international organizations.,10
Recruitment cost borne by employee as a proportion of yearly income earned in country of destination.,10
"Number of countries with migration policies that facilitate orderly, safe, regular and responsible migration and mobility of people.",10
Number of people who died or disappeared in the process of migration towards an international destination.,10
"Proportion of the population who are refugees, by country of origin.",10
Proportion of tariff lines applied to imports from least developed countries and developing countries with zero-tariff.,10
"Total resource flows for development, by recipient and donor countries and type of flow .",10
"Proportion of urban population living in slums, informal settlements or inadequate housing.",11
"Number of countries developing, adopting or implementing policy instruments aimed at supporting the shift to sustainable consumption and production.",12
"Proportion of population that has convenient access to public transport, by sex, age and persons with disabilities.",11
Proportion of cities with a direct participation structure of civil society in urban planning and management that operate regularly and democratically.,11
"Total per capita expenditure on the preservation, protection and conservation of all cultural and natural heritage, by source of funding .",11
"Number of parties to international multilateral environmental agreements on hazardous waste, and other chemicals that meet their commitments and obligations in transmitting information as required by each relevant agreement.",12
"Number of deaths, missing persons and directly affected persons attributed to disasters per 100,000 population.",11
"Direct economic loss in relation to global GDP, damage to critical infrastructure and number of disruptions to basic services, attributed to disasters.",11
"Proportion of urban solid waste regularly collected and with adequate final discharge out of total urban solid waste generated, by cities.",11
"Average share of the built-up area of cities that is open space for public use for all, by sex, age and persons with disabilities.",11
"Proportion of persons victim of physical or sexual harassment, by sex, age, disability status and place of occurrence, in the previous 12 months.",11
Number of countries that have national urban policies or regional development plans that increase local fiscal space.,11
Number of countries that adopt and implement national disaster risk reduction strategies in line with the Sendai Framework for Disaster Risk Reduction 2015–2030.,11
Implementation of standard accounting tools to monitor the economic and environmental aspects of tourism sustainability.,12
"Number of countries with nationally determined contributions, long-term strategies, national adaptation plans and adaptation communications, as reported to the secretariat of the United Nations Framework Convention on Climate Change.",13
"Number of victims of intentional homicide per 100,000 population, by sex and age.",16
"Number of countries that have communicated the strengthening of institutional, systemic and individual capacity-building to implement adaptation, mitigation and technology transfer, and development actions.",13
Amounts provided and mobilized in United States dollars per year in relation to the continued existing collective mobilization goal of the $100 billion commitment through to 2025.,13
Average marine acidity measured at agreed suite of representative sampling stations.,14
Proportion of population subjected to sexual violence in the previous 12 months.,16
Proportion of population that feel safe walking alone around the area they live.,16
"Number of least developed countries and small island developing States with nationally determined contributions, long-term strategies, national adaptation plans and adaptation communications, as reported to the secretariat of the United Nations Framework Convention on Climate Change.",13
"Degree of implementation of international instruments aiming to combat illegal, unreported and unregulated fishing.",14
"Sustainable fisheries as a proportion of GDP in small island developing States, least developed countries and all countries.",14
Proportion of total research budget allocated to research in the field of marine technology.,14
Degree of application of a legal/regulatory/policy/institutional framework which recognizes and protects access rights for small‐scale fisheries.,14
Proportion of children aged 1–17 years who experienced any physical punishment and/or psychological aggression by caregivers in the past month.,16
"Number of victims of human trafficking per 100,000 population, by sex, age and form of exploitation.",16
Proportion of young women and men aged 18–29 years who experienced sexual violence by age 18.,16
Proportion of victims of violence in the previous 12 months who reported their victimization to competent authorities or other officially recognized conflict resolution mechanisms.,16
"Number of countries making progress in ratifying, accepting and implementing through legal, policy and institutional frameworks, ocean-related instruments that implement international law, as reflected in the United Nations Convention on the Law of the Sea, for the conservation and sustainable use of the oceans and their resources.",14
"Proportion of the population who have experienced a dispute in the past two years and who accessed a formal or informal dispute resolution mechanism, by type of mechanism.",16
"Proportion of seized, found or surrendered arms whose illicit origin or context has been traced or established by a competent authority in line with international instruments.",16
"Proportion of persons who had at least one contact with a public official and who paid a bribe to a public official, or were asked for a bribe by those public officials, during the previous 12 months.",16
"Proportion of businesses that had at least one contact with a public official and that paid a bribe to a public official, or were asked for a bribe by those public officials during the previous 12 months.",16
"Primary government expenditures as a proportion of original approved budget, by sector .",16
Proportion of population satisfied with their last experience of public services.,16
"Proportions of positions in national and local institutions, including the judiciary, compared to national distributions, by sex, age, persons with disabilities and population groups.",16
"Proportion of population who believe decision-making is inclusive and responsive, by sex, age, disability and population group.",16
"Proportion of children under 5 years of age whose births have been registered with a civil authority, by age.",16
"Proportion of important sites for terrestrial and freshwater biodiversity that are covered by protected areas, by ecosystem type.",15
"Number of verified cases of killing, kidnapping, enforced disappearance, arbitrary detention and torture of journalists, associated media personnel, trade unionists and human rights advocates in the previous 12 months.",16
"Number of countries that adopt and implement constitutional, statutory and/or policy guarantees for public access to information.",16
Existence of independent national human rights institutions in compliance with the Paris Principles.,16
"Net official development assistance, total and to least developed countries, as a proportion of the Organization for Economic Cooperation and Development .",17
"Foreign direct investment, official development assistance and South-South cooperation as a proportion of gross national income.",17
"Number of countries that have adopted legislative, administrative and policy frameworks to ensure fair and equitable sharing of benefits.",15
Proportion of population reporting having personally felt discriminated against or harassed in the previous 12 months on the basis of a ground of discrimination prohibited under international human rights law.,16
Debt service as a proportion of exports of goods and services.,17
"Number of countries that adopt and implement investment promotion regimes for developing countries, including the least developed countries.",17
Proportion of countries adopting relevant national legislation and adequately resourcing the prevention or control of invasive alien species.,15
"Total amount of funding for developing countries to promote the development, transfer, dissemination and diffusion of environmentally sound technologies.",17
Dollar value of financial and technical assistance committed to developing countries.,17
"Weighted average tariffs faced by developing countries, least developed countries and small island developing States.",17
Number of countries with mechanisms in place to enhance policy coherence of sustainable development.,17
Extent of use of country-owned results frameworks and planning tools by providers of development cooperation.,17
Number of countries reporting progress in multi-stakeholder development effectiveness monitoring frameworks that support the achievement of the sustainable development goals.,17
Amount in United States dollars committed to public-private partnerships for infrastructure.,17
Number of countries that have national statistical legislation that complies with the Fundamental Principles of Official Statistics.,17
"Number of countries with a national statistical plan that is fully funded and under implementation, by source of funding.",17
Dollar value of all resources made available to strengthen statistical capacity in developing countries.,17
Proportion of countries that have achieved 100 per cent birth registration and 80 per cent death registration.,17
"Disaster risk reduction , establish national committees andreaffirm the need for the secretariat of the Decade to work in close co-operation with UNDRO.",11
,
,
,
,
,
,
,
,
,
,
,
,
,
,
,
,
,
,
,
,
,
,
,
,
,
,
,
,
,
,
,
,
,
,
,
,
,
,
,
,
,
,
,
,
,
,
,
,
,
,
,
,
,
,
,
,
,
,
,
,
,
,
,
,
,
,
,
,
,
,
,
,
,
,
,
,
,
,
,
,
,
,
,
,
,
,
,
,
,
,
,
,
,
,
,
,
,
,
,
,
,
,
,
,
,
,
,
,
,
,
,
,
,
,
,
,
,
,
,
,
,
,
,
,
,
,
,
,
,
,
,
,
,
,
,
,
,
,
,
,
,
,
,
,
,
,
,
,
,
,
,
,
,
,
,
,
,
,
,
,
,
,
,
,
,
,
,
,
,
,
,
,
,
,
,
,
,
,
,
,
,
,
,
,
,
,
,
,
,
,
,
,
,
,
,
,
,
,
,
,
,
,
,
,
,
,
,
,
,
,
,
,
,
,
,
,
,
,
,
,
,
,
,
,
,
,
,
,
,
,
,
,
,
,
,
,
,
,
,
,
,
,
,
,
,
,
,
,
,
,
,
,
,
,
,
,
,
,
,
,
,
,
,
,
,
,
,
,
,
,
,
,
,
,
,
,
,
,
,
,
,
,
,
,
,
,
,
,
,
,
,
,
,
,
,
,
,
,
,
,
,
,
,
,
,
,
,
,
,
,
,
,
,
,
,
,
,
,
,
,
,
,
,
,
,
,
,
,
,
,
,
,
,
,
,
,
,
,
,
,
,
,
,
,
,
,
,
,
,
,
,
,
,
,
,
,
,
,
,
,
,
,
,
,
,
,
,
,
,
,
,
,
,
,
,
,
,
,
,
,
,
,
,
,
,
,
,
,
,
,
,
,
,
,
,
,
,
,
,
,
,
Significantly increase access to information and communication technologies and efforts to provide universal and convenient Internet access in the less developed countries by 2020.,9
"Support the development of domestic technology, research and innovation in developing countries, including ensuring a favorable political environment for, among others, industrial diversification and value aggregation to goods.",9
,
"Support the development of national technologies, research and innovation in developing countries, in particular by guaranteeing a political environment favorable, among other things, industrial diversification and added value to products.",9
,
Share of the rural population that live within 2 km from an all-season road.,9
,
"By 2030, update the infrastructure and modernization industries to make them sustainable, with greater resource use and greater adoption of clean and environmentally solid industrial technologies and processes, with all countries taking measures according to their respective resources.",9
Developing and implementing tools to monitor the effects of sustainable development for sustainable tourism that creates jobs and promotes local culture and products.,12
Share of the cross -border pelvic area with an operating arrangement for water cooperation.,6
,
,
"Environmentally solid management of ""toxic chemicals"" is the topic of chapter 19 of Agenda 21. A substantial use of chemicals is essential to fulfill the social and economic objectives of the world community, and they can be used with a high degree of Safety when better practices are followed. However, there is still much to be done. Two of the main problems identified in Agenda 21, particularly in developing countries, are ||| 1. Lack of sufficient scientific information for risk assessment and ||| 2. Lack of chemical evaluation resources to which data is at hand. And restoration will require large investments, as well as the development of new techniques. life cycle. The commission also considered the safety of radioactive waste. Two of the main problems identified in Agenda 21, particularly in developing countries, are the lack of sufficient scientific information for risk assessment and the lack of chemical assessment resources for which data is close. Chapter 20 takes care of ""environmentally solid management of hazardous waste, including the prevention of illegal international traffic in hazardous waste,"" while Chapter 21 is dedicated to ""environmentally solid solid waste management and sewage -related issues.""",12
,
"By 2020, they effectively regulate the harvesting and final fishing, illegal, non-registered and non-regulated fishing and destructive fishing practices and implement scientific management plans to restore fish stocks in the shortest possible time, at least up to a level that can provide a maximum of sustainable yield as by determined their biological properties.",14
"Population proportion using safely managed sanitation services, including a hand wash installation with soap and water.",6
,
,
,
,
"Implementation of international instruments to combat the illegal, not reported and not regulated fishing.",14
,
"By 2030, the share of renewable energy in the mix of global energy substantially increases.",7
Proportion of small scale industries with a loan or a credit line.,9
"By 2030, make sure that people around the world have relevant information and awareness of sustainable development and lifestyles in harmony with nature.",12
,
Degree of application of a legal/regulatory/political/institutional framework that recognizes and protects access rights for small -scale fishing.,14
"By 2030, it substantially increases the efficiency of water use in all sectors and ensures sustainable withdrawals and freshwater supply to address water scarcity and substantially reduce the number of people suffering from water shortages.",6
,
,
"By 2030, halve the per capita global food waste in terms of retail and consumers and reduce food losses along the production and supply chains, including post-cacked losses.",12
,
Proportion of the total research budget assigned to research in the field of marine technology.,14
"Expand the support of international cooperation and capacity for developing countries in water and sanity activities and programs, including water harvest, desalination, water efficiency, wastewater treatment, recycling and reuse technologies.",6
,
"By 2030, upgrading the infrastructure and upgrading industries to make it sustainable, with increased efficiency of resources and greater adoption of net and environmental technologies and industrial processes, with all countries taking action in accordance with their respective capabilities.",9
"By 2030, you achieve sustainable management and effective use of natural resources.",12
,
"By 2020, they prohibit certain forms of fishing subsidies that contribute to excess capacity and overfishing, eliminate subsidies that contribute to illegal, not reported and unregulated fishing and refrain from introducing new subsidies, recognizing this special and effective and effective treatment. To develop and less developed developed countries must be an integral part of the World Trade Organization Subsidies negotiation.",14
,
,
,
,
"Encourage companies, especially large and transnational companies, to adopt sustainable practices and integrate sustainability information into their report cycle.",12
,
"More than 3 billion people rely on the oceans for their means of subsistence and over 80 % of the trade in world goods per volume is transported by sea. The oceans, the seas and marine resources are constantly threatened by pollution, heating and acidification that marine ecosystems and communities they support are interrupting. These changes have long -term repercussions that require the world to urgently expand the protection of marine environments, investments in ocean sciences, support for small scale fishing communities and the sustainable management of the oceans. ||| The inputs in the coastal areas show success in some regions, the algae blooms indicate that coastal eutrophization continues to be a challenge. Globally, the anomalies of chlorophyll-a, excess fishing and marine pollution are jeopardizing recent gains in the protection of parts of the oceans of the world.",14
"Mobilize significant resources from all sources and at all levels to finance the sustainable forest management and providing adequate incentives in developing countries to promote this management, including conservation and reforestation.",15
"By 2030, it significantly increases the effectiveness of using water in all areas and ensures sustainable withdrawals and fresh water to treat water scarcity and substantially reducing the number of people suffering from water deficiency.",6
,
Promotion of integrative and sustainable industrialization and by 2030 increased the proportion of industry in employment and gross domestic products in harmony with the national circumstances and doubles their share in the lowest industrialized countries.,9
"By 2030, it essentially reduces waste production through prevention, reduction, recycling and reuse.",12
"The atmospheric concentrations of the main greenhouse gases continued to increase despite the temporary reduction in emissions in 2020 linked to the measures taken in response to the COVVI-19 pandemic. The six years from 2015 to 2020 are probably the hottest ever recorded. Climate change makes the achievement of many objectives less likely. To limit global warming to 1.5 ° C above pre-industrial levels in accordance with the Paris Agreement, the world should reach zero carbon dioxide emissions around 2050.|| In April 2020, 118 countries and territories reported that the development and adoption of national or local strategies for reducing disaster risk, an increase in 48 countries and territories during the first year of the Sendai framework. ||| As of December 31, 2020, 190 parties declaration on the state of the world climate in 2016. The drought conditions predominated in a large part of the globe, aggravated by the phenomenon of El Niño in the press release, WMO also noted that the Examination of world sea ice was at least 4.14 million km2 in 2016, the second lower widely recorded. Atmospheric carbon dioxide levels also reached a record summit of 400 parts per million that year. The attenuation of climate change and its impacts will require a construction on the momentum obtained by the Paris Agreement on Climate Change, which entered into force on November 4, 2016. Stronger efforts are necessary to strengthen resilience and limit Climate -related risks and natural disasters.",13
,
Proportion of countries that adopt relevant national legislation and resources properly the prevention or control of invasive external species.,15
"By 2030, it substantially increases the efficiency of water use in all sectors and ensures sustainable withdrawals and freshwater supply to address water scarcity and substantially reduce the number of people suffering from water shortages.",6
"By 2030, you are expanding the infrastructure and upgrading technology for the supply of modern and sustainable energy services to everyone in developing countries, in particular the less developed countries, small island growing states and developing countries with land, in accordance with their respective programs.",7
,
"Implement the 10-year frame of programs to sustainable consumption and production in which all countries take measures, with industrial countries take the lead, taking into account the development and skills of developing countries.",12